1,https://www.uol.com.br/tilt/noticias/redacao/2023/06/22/a-crise-de-semicondutores-poderia-ter-custado-a-democracia-brasileira.htm
2,https://www.anandtech.com/
3,https://www.topwayschool.com/blog/palavras-em-ingles-usadas-no-brasil
4,https://arvutitark.ee
5,https://cfoc.org/xvideos-virus-how-to-remove-it/
6,https://cfoc.org/taqw-virus-taqw-file-extension-removal/
7,https://www.noticiasaominuto.com/casa/1878624/eis-as-marcas-mais-fiaveis-de-grandes-eletrodomesticos-segundo-a-deco
8,https://www.theverge.com/2020/8/11/21363424/mozilla-layoffs-quarter-staff-250-people-new-revenue-focus
9,https://9to5mac.com/2023/08/17/apple-watch-vo2-monitoring/
10,https://www.metacritic.com/
11,https://www.crunchyroll.com/it/
12,https://mail.zoho.in/
13,https://globo.com/
14,https://g1.globo.com/
15,https://www.chess.com/game/live/86372889039
16,https://www.newser.com/story/339082/germans-blame-barbenheimer-for-covid-surge.html
17,https://sonobi.com/
18,https://ringpublishing.com/blog/case-studies
19,https://*.zohoshowtime.com
20,https://knowyourmeme.com/news/cat-person-movie-gets-first-trailer-reminding-social-media-of-controversial-short-story-and-renewing-jokes
21,https://www.nescafe.com/ro/
22,https://searchencrypt.com
23,https://www.cnn.com/2023/08/28/health/cancer-screenings-extend-life-wellness/index.html
24,https://www.wingie.com/flights/berlin-to-dublin-international-airport-bera-dub/?departure=30.08.2023&adult=1&class=ekonomi&save=1&geotrip=international&trip=international
25,https://www.entrepreneur.com/
26,https://ozulscansen.com/comics/start-by-signing-in-and-obtaining-the-ancient-divine-body/
27,https://ovyerus.com/*
28,https://moco.yukata.dev,
29,https://github.com/kotx
30,https://therighthairstyles.com/
31,https://streetartnews.net/
32,https://itsfoss.com/
33,https://www.thehealthyjournal.com/baked-cauliflower-with-vegetarian-tzatziki-salad-1558
34,https://fandomwire.com/we-didnt-sign-up-for-a-reality-show-olivia-wildes-film-left-florence-pugh-bitter-after-her-reputation-was-torn-to-shreds-by-the-fans/
35,https://ominho.pt/programa-de-apoio-a-compra-de-bicicletas-em-braga-vai-avancar/?fbclid=IwAR09mpawDc7ObhqOtKQyY-9j6v1sfV00PmnxWElHcaN0xMS2Z_hdQ11UeOA
36,https://logon.slc.co.uk/welcome/secured/login
37,https://www.audiologyresearch.org/
38,https://loudwire.com/clutch-we-strive-for-excellence-song-lyrics-tour-helmet-quicksand-jd-pinkus/
39,https://estnn.com/how-to-play-yoru-on-bind/
40,https://kotaku.com/baldurs-gate-3-romance-sex-scene-bear-shadowheart-gale-1850771533
41,https://www.cybermania.ws/apps/adobe-genp
42,https://www.southparkstudios.com/episodes/mphf21/south-park-butters-bottom-bitch-season-13-ep-9
43,https://www.vipalgarveproperty.pt/
44,https://livescores.biz/
45,https://pac.elkhart.lib.in.us/Polaris/
46,https://guard.io/
47,https://vsi4kifilmi.com/
48,https://speechify.com/blog/phonetic-transcription/?landing_url=https%3A%2F%2Fspeechify.com%2Fblog%2Fphonetic-transcription%2F
49,https://www.football365.com/news/mailbox-liverpool-klopp-saudi-jordan-henderson-man-utd-erik-ten-hag
50,https://www.financemagnates.com/forex/analysis/forexpros-reaches-700000-uniques-a-month/
51,https://www.stwater.co.uk/in-my-area/check-my-area/
52,https://adimorahblog.com/poco-f5-stable-update/
53,https://mastercomfig.com/app/
54,https://media.kbin.social/media/ad/b2/adb203028331eada7f99f2b4547cbc0a7efc0ba4e203a71d9d193c02d38aa4f1.jpg
55,https://moovitapp.com/
56,https://lawlessrepublic.com/2022/08/16/byu-cougars-football-sideline-gear/
57,https://stormininnorman.com/2023/09/05/oklahoma-football-sooners-move-up-but-only-slightly-in-national-rankings/
58,https://www.onlinerekenmachine.com/en/calculator
59,https://www.1337x.to/torrent/5806288/Barbie-2023-REPACK-1080p-AMZN-WEBRip-DDP5-1-x265-10bit-GalaxyRG265/
60,https://www.1337x.to/torrent/5806288/Barbie-2023-REPACK-1080p-AMZN-WEBRip-DDP5-1-x265-10bit-GalaxyRG265/
61,https://logtail.com
62,https://toyworldmag.co.uk/donkey-kong-added-to-lego-super-mario-universe/
63,https://www.service-public.fr/particuliers/vosdroits/F1420
64,https://www.lartigiano.gr/pizza
65,https://convertcase.net/
66,https://consent.capitalone.com/#/consent/customertransactions
67,https://www.timesnownews.com/education/teachers-of-india-story-of-rakesh-and-how-he-effectively-used-ai-tools-to-teach-visually-impaired-children-article-103388570
68,https://www.mindbodygreen.com/articles/lion-symbolism
69,https://french-streams.cc/series/
70,https://www.reddit.com/r/*/comments/*
71,https://share.amuse.io/album/ezgi-erdogan-iz-birakan-yaralar
72,https://team.lidl.gr/anazitisi-ergasias-lidl-ellas
73,https://www.yahoo.co.jp/
74,https://dev.miuiflash.com
75,https://www.linkedin.com/feed/
76,https://spaceref.com/newspace-and-tech/elon-musk-says-spacex-completed-all-corrective-actions-for-next-starship-launch/
77,https://www.teslaoracle.com/2023/09/09/starship-olm-mechazilla-thousands-upgrades-2nd-orbital-flight-test-starbase-updates-faa-approval/
78,https://flamescans.org/1695636061-omniscient-readers-viewpoint-chapter-1/
79,https://www.dotabuff.com/
80,https://www.dailymail.co.uk/home/index.html
81,https://www.sulinformacao.pt/2023/09/algarve-e-o-melhor-destino-de-praia-da-europa-pela-10a-vez/
82,https://www.ikea.com/au/en/customer-service/support/a/5JGjF0zNV4lNW7klBpHjdE/.
83,https://www.ikea.com/au/en/customer-service/support/
84,https://www.pizzafan.gr/el
85,https://programming.dev/c/risa@startrek.website
86,https://lemm.ee/c/startrek@startrek.website
87,https://lemmy.ml/c/startrek@startrek.website
88,https://get.pixelexperience.org/
89,https://safety.google/
90,https://www.alltechnerd.com/best-ios-emulators-for-android/
91,https://betterprogramming.pub/
92,https://betterprogramming.pub/whats-new-in-http-3-10c2455a4f8c
93,https://www.thegreencity.gr/
94,https://accounts.hetzner.com/signUp/confirm
95,https://acs4-static.privatbank.ua/content/1.20.2/js/fp2.min.js
96,https://acs4-static.privatbank.ua/content/1.20.2/js/fp2.min.js'
97,https://www.barrons.com/livecoverage/stock-market-today-090623/card/bank-of-canada-keeps-rate-unchanged-cautions-on-inflationary-pressures-hDZH1PpvK03yvutDx8BG
98,https://www.patreon.com/posts/how-to-resize-sd-90211333
99,https://www.wdwmagic.com/
100,https://www.theroar.com.au/2023/10/09/wallabies-out-of-rugby-world-cup-despite-fiji-losing-as-portugal-pull-off-upset-of-the-tournament/
101,https://www.nu.nl/sport-overig/6284050/hoe-cruijff-en-totaalcricket-nederland-moeten-helpen-aan-wk-stunt.html
